Example,Observations,NormalizedEntropy,StructureScore,MeanReturn
Structured trend,60,0.7739760316291208,0.22602396837087924,0.0
Two-state regime,60,0.3333333333333333,0.6666666666666667,0.0
Noisy regime,60,0.8579222156507177,0.1420777843492823,-0.0025121638273414245
